20131205.21.19.45;cube://localhost:38002;cube://localhost:38002;cube://localhost:38001;;resolution;findFromRuntimeModel
20131205.21.19.45;cube://localhost:38002;cube://localhost:38002;cube://localhost:38001;;resolution;verifyProperty
20131205.21.19.45;cube://localhost:38002;cube://localhost:38002;cube://localhost:38001;;resolution;findUsingArchetypeProperty
20131205.21.19.45;cube://localhost:38002;cube://localhost:38002;cube://localhost:38001;;resolution;verifyProperty
20131205.21.19.45;cube://localhost:38002;cube://localhost:38002;cube://localhost:38001;;runtimemodel;addReferencedElement
20131205.21.19.45;cube://localhost:38002;null;cube://localhost:38001;;runtimemodel;
20131205.21.19.45;cube://localhost:38002;null;cube://localhost:38001;;resolution;true
20131205.21.19.45;cube://localhost:38002;null;cube://localhost:38001;;resolution;
20131205.21.19.45;cube://localhost:38002;null;cube://localhost:38001;;runtimemodel;true
20131205.21.19.45;cube://localhost:38002;cube://localhost:38002;cube://localhost:38001;;resolution;findFromRuntimeModel
20131205.21.19.45;cube://localhost:38002;cube://localhost:38002;cube://localhost:38001;;resolution;verifyProperty
20131205.21.19.46;cube://localhost:38002;cube://localhost:38002;cube://localhost:38001;;resolution;findUsingArchetypeProperty
20131205.21.19.46;cube://localhost:38002;cube://localhost:38002;cube://localhost:38001;;resolution;verifyProperty
20131205.21.19.46;cube://localhost:38002;cube://localhost:38002;cube://localhost:38001;;resolution;findUsingArchetypeProperty
20131205.21.19.46;cube://localhost:38002;null;cube://localhost:38001;;runtimemodel;
20131205.21.19.46;cube://localhost:38002;cube://localhost:38002;cube://localhost:38001;;resolution;findFromRuntimeModel
20131205.21.19.46;cube://localhost:38002;cube://localhost:38002;cube://localhost:38001;;resolution;verifyProperty
20131205.21.19.46;cube://localhost:38002;cube://localhost:38002;cube://localhost:38001;;resolution;findUsingArchetypeProperty
20131205.21.19.46;cube://localhost:38002;cube://localhost:38002;cube://localhost:38001;;resolution;verifyProperty
20131205.21.19.46;cube://localhost:38002;cube://localhost:38002;cube://localhost:38001;;resolution;findUsingArchetypeProperty
20131205.21.19.46;cube://localhost:38002;null;cube://localhost:38001;;runtimemodel;
20131205.21.19.46;cube://localhost:38002;cube://localhost:38002;cube://localhost:38001;;resolution;findFromRuntimeModel
20131205.21.19.46;cube://localhost:38002;cube://localhost:38002;cube://localhost:38001;;resolution;verifyProperty
20131205.21.19.46;cube://localhost:38002;cube://localhost:38002;cube://localhost:38001;;resolution;findUsingArchetypeProperty
20131205.21.19.46;cube://localhost:38002;cube://localhost:38002;cube://localhost:38001;;resolution;verifyProperty
20131205.21.19.46;cube://localhost:38002;cube://localhost:38002;cube://localhost:38001;;resolution;findUsingArchetypeProperty
20131205.21.19.46;cube://localhost:38002;null;cube://localhost:38001;;runtimemodel;
20131205.21.19.46;cube://localhost:38002;cube://localhost:38002;cube://localhost:38001;;keepalive;
20131205.21.19.48;cube://localhost:38002;cube://localhost:38002;cube://localhost:38001;;keepalive;
20131205.21.19.50;cube://localhost:38002;cube://localhost:38002;cube://localhost:38001;;keepalive;
20131205.21.19.52;cube://localhost:38002;cube://localhost:38002;cube://localhost:38001;;keepalive;
20131205.21.19.54;cube://localhost:38002;cube://localhost:38002;cube://localhost:38001;;keepalive;
20131205.21.19.56;cube://localhost:38002;cube://localhost:38002;cube://localhost:38001;;keepalive;
